	mean_fit_time	std_fit_time	mean_score_time	std_score_time	param_C	param_gamma	param_kernel	param_random_state	params	split0_test_score	split1_test_score	split2_test_score	split3_test_score	split4_test_score	mean_test_score	std_test_score	rank_test_score	split0_train_score	split1_train_score	split2_train_score	split3_train_score	split4_train_score	mean_train_score	std_train_score
0	495.438597631454	22.8524197619023	53.5733598232269	1.13799363554059	2	0.5	rbf	42	{'C': 2, 'gamma': 0.5, 'kernel': 'rbf', 'random_state': 42}	0.549097537741693	0.552092827853959	0.560020320166488	0.538876362958377	0.540715406725567	0.548160491089217	0.007728145844044	5	0.977873778612636	0.978645133100969	0.978894548550556	0.979353268245181	0.979206819087701	0.978794709519409	0.000521972569884
1	600.67299118042	17.7716508785499	68.0739669799805	1.12113669421331	2	2	rbf	42	{'C': 2, 'gamma': 2, 'kernel': 'rbf', 'random_state': 42}	0.168476706607046	0.185073763898716	0.18408744105371	0.168963639386751	0.153202433030914	0.171960796795427	0.011764382306894	13	0.994452376965954	0.994222630504135	0.994717910309213	0.995432141463859	0.995130080248167	0.994791027898266	0.00044024750616
2	495.353388118744	13.8836477311851	53.7251576900482	0.667486386684173	4	0.5	rbf	42	{'C': 4, 'gamma': 0.5, 'kernel': 'rbf', 'random_state': 42}	0.538637310055268	0.544822628304587	0.549845228783988	0.529816686566495	0.530985916453124	0.538821554032692	0.007746652149729	7	0.990191455812489	0.990466271477964	0.990576921094482	0.991169029265781	0.990650137496391	0.990610763029422	0.000319703977605
3	608.731118774414	12.6543937236056	67.7475355148315	1.00671894957338	4	2	rbf	42	{'C': 4, 'gamma': 2, 'kernel': 'rbf', 'random_state': 42}	0.166752345591413	0.181849091756005	0.181076920899645	0.166299323906463	0.15076826203373	0.169349188837451	0.011446251649539	14	0.994842158483394	0.994545246252499	0.995150320701517	0.995788065808579	0.995564933178094	0.995178144884817	0.000455155016004
